id,question,answer
1,Quan điểm “vô thường” trong triết học Phật giáo chỉ ra điều gì về sự biến đổi của vạn vật?,Quan điểm “vô thường” cho rằng vạn vật biến đổi vô cùng theo chu trình bất tận: sinh - trụ - dị - diệt.
2,"Một trong những đặc điểm nổi bật của triết học Trung Hoa cổ, trung đại là gì?",Nhấn mạnh tinh thần nhân văn và chú trọng chính trị đạo đức.
3,Vấn đề cơ bản lớn của mọi triết học là vấn đề gì?,Vấn đề quan hệ giữa tư duy với tồn tại.
4,"Theo Cương lĩnh năm 2011, cần nắm vững và giải quyết tốt bao nhiêu mối quan hệ lớn?",Tám mối quan hệ lớn.
5,"Để làm được công việc “trồng người”, Hồ Chí Minh cho rằng cần phải tiến hành song song với những nhiệm vụ nào?",Song song với nhiệm vụ phát triển lực lượng sản xuất và quan hệ sản xuất xã hội chủ nghĩa.
6,"Luật pháp trong Nhà nước Việt Nam mới khác biệt căn bản với luật pháp của các chế độ tư sản, phong kiến ở điểm nào theo Hồ Chí Minh?",Nó phản ánh được ý nguyện và bảo vệ quyền lợi của dân chúng.
7,"Trong những năm 1930-1945, Hội nghị nào của Đảng đã hết sức nhấn mạnh mâu thuẫn chủ yếu đòi hỏi phải được giải quyết cấp bách là mâu thuẫn giữa dân tộc Việt Nam với đế quốc phát xít Pháp-Nhật?",Hội nghị Trung ương lần thứ Tám (5-1941).
8,Tính khách quan của mối liên hệ nhân quả thể hiện như thế nào?,"Mối liên hệ nhân quả là cái vốn có của bản thân sự vật, không phụ thuộc vào ý thức của con người."
9,Quan điểm duy vật biện chứng khẳng định bản chất của thế giới là gì?,"Bản chất của thế giới là vật chất, thế giới thống nhất ở tính vật chất."
10,"Trong Di chúc, Hồ Chí Minh đã căn dặn về nguyên tắc tổ chức nào để củng cố sự đoàn kết và thống nhất trong Đảng?","Trong Đảng thực hành dân chủ rộng rãi, thường xuyên và nghiêm chỉnh tự phê bình và phê bình."
11,"Theo Ph.Ăngghen, quy luật nào cho biết nguồn gốc của sự vận động và phát triển?",Quy luật thống nhất và đấu tranh của các mặt đối lập.
12,"Theo Hồ Chí Minh, mục đích của Đảng Lao động Việt Nam có thể gồm trong tám chữ là gì?","ĐOÀN KẾT TOÀN DÂN, PHỤNG SỰ TỔ QUỐC."
13,"Một kết quả có thể do nhiều nguyên nhân sinh ra, và một nguyên nhân trong những điều kiện khác nhau cũng có thể sinh ra điều gì?",Những kết quả khác nhau.
14,Mối liên hệ nhân quả có ba tính chất nào?,"Tính khách quan, tính phổ biến, tính tất yếu."
15,Đại hội đại biểu toàn quốc lần thứ XII của Đảng (1-2016) tổng kết bao nhiêu năm đổi mới?,30 năm đổi mới.
16,Lênin đã chỉ rõ học thuyết của Mác ra đời là sự thừa kế thẳng và trực tiếp những học thuyết của những đại biểu xuất sắc nhất trong những lĩnh vực nào?,"Trong triết học, trong kinh tế chính trị học và trong chủ nghĩa xã hội."
17,"Hình thức thứ ba của chủ nghĩa duy vật là gì, và nó được xây dựng bởi ai?","Phép biện chứng duy vật, được C.Mác và Ph.Ăngghen xây dựng, sau đó được V.I.Lênin phát triển."
18,"Theo Hồ Chí Minh, cán bộ, đảng viên cần phải làm gương về ba mặt nào?","Tinh thần, vật chất và văn hóa."
19,Tính khách quan của quy luật xã hội thường biểu hiện ra như là gì?,"Những xu hướng, mang tính xu hướng."
20,"Cán bộ, đảng viên cần tuyệt đối trung thành với Đảng bằng cách đặt lợi ích nào lên trên hết, trước hết?","Lợi ích của Đảng (tức là lợi ích của dân tộc, của Tổ quốc)."
21,"Trong quan hệ biện chứng giữa nguyên nhân và kết quả, sau khi xuất hiện, kết quả lại có ảnh hưởng trở lại đối với nguyên nhân theo mấy hướng?",Theo hai hướng: Thúc đẩy (tích cực) hoặc cản trở (tiêu cực) sự hoạt động của nguyên nhân.
22,Mục tiêu tổng quát phải đạt tới khi kết thúc thời kỳ quá độ lên chủ nghĩa xã hội ở nước ta là gì (theo Cương lĩnh 1991)?,"Xây dựng xong về cơ bản những cơ sở kinh tế của chủ nghĩa xã hội, với kiến trúc thượng tầng về chính trị và tư tưởng, văn hóa phù hợp, làm cho nước ta trở thành một nước xã hội chủ nghĩa phồn vinh."
23,"Trong triết học Phật giáo, thuyết ""Tứ đế"" gồm những chân lý nào?","Khổ đế (Dukkha-satya), Tập đế (Samudaya-satya), Diệt đế (Nirodha-satya), Đạo đế (Marga-satya)."
24,Tính cụ thể của chân lý là đặc tính gì?,"Tính cụ thể của chân lý là đặc tính gắn liền và phù hợp giữa nội dung phản ánh với một đối tượng nhất định cùng các điều kiện, hoàn cảnh lịch sử, cụ thể."
25,"Hồ Chí Minh cho rằng, nếu không giữ đúng cần, kiệm, liêm, chính thì cán bộ, công chức dễ trở nên thế nào?","Dễ trở nên hủ bại, biến thành sâu mọt của dân."
26,Hai mặt của vấn đề cơ bản của triết học là gì?,"Mặt thứ nhất: Giữa ý thức và vật chất thì cái nào có trước, cái nào có sau, cái nào quyết định cái nào? Mặt thứ hai: Con người có khả năng nhận thức được thế giới hay không?"
27,"Theo Hồ Chí Minh, ai là chủ thể của khối đại đoàn kết toàn dân tộc?","Toàn thể nhân dân, tất cả những người Việt Nam yêu nước ở các giai cấp, các tầng lớp trong xã hội."
28,Mặt đối lập là gì?,"Những mặt có những đặc điểm, những thuộc tính, những tính quy định có khuynh hướng biến đổi trái ngược nhau."
29,"Theo Hồ Chí Minh, nếu không có đạo đức thì dù tài giỏi mấy cũng không thể làm được gì?",Không lãnh đạo được nhân dân.
30,Điểm nổi bật của Cương lĩnh xây dựng đất nước trong thời kỳ quá độ lên chủ nghĩa xã hội (năm 1991) là gì?,"Tổng kết hơn 60 năm Đảng lãnh đạo cách mạng Việt Nam; chỉ ra những thành công, khuyết điểm, sai lầm và nêu ra năm bài học lớn."
31,"Trong triết học Mác-Lênin, phạm trù nào được coi là một trong những phạm trù nền tảng, cơ bản của lý luận nhận thức?",Thực tiễn.
32,"Theo Hồ Chí Minh, muốn làm cho Đảng vững mạnh thì việc cần làm trước tiên là gì?","Chỉnh đốn lại Đảng, làm cho mỗi đảng viên, mỗi đoàn viên, mỗi chi bộ đều ra sức làm tròn nhiệm vụ đảng giao phó cho mình, toàn tâm toàn ý phục vụ nhân dân."
33,"Mối liên hệ, theo quan điểm duy vật biện chứng, là gì?","Phạm trù triết học dùng để chỉ sự quy định, sự tác động qua lại, sự chuyển hóa lẫn nhau giữa các sự vật, hiện tượng hay giữa các mặt của một sự vật, của một hiện tượng trong thế giới."
34,Quan điểm toàn diện đòi hỏi chúng ta phải biết phân biệt điều gì trong các mối liên hệ của sự vật?,"Phải biết phân biệt từng mối liên hệ, phải biết chú ý tới mối liên hệ bên trong, mối liên hệ bản chất, mối liên hệ chủ yếu, mối liên hệ tất nhiên, và lưu ý đến sự chuyển hoá lẫn nhau giữa các mối liên hệ."
35,"Đảng Cộng sản Việt Nam đã được thành lập vào ngày, tháng, năm nào?",3-2-1930.
36,"Theo Hồ Chí Minh, căn bệnh nào là nguồn gốc của mọi thứ tệ nạn?",Chủ nghĩa cá nhân.
37,"Theo V.I. Lênin, có thể định nghĩa vắn tắt phép biện chứng là gì?",Học thuyết về sự thống nhất của các mặt đối lập.
38,"Theo quan điểm duy vật biện chứng, sự thay đổi về chất của sự vật phụ thuộc vào những yếu tố nào?",Sự thay đổi các yếu tố cấu thành sự vật lẫn sự thay đổi phương thức liên kết giữa các yếu tố ấy (kết cấu của sự vật).
39,"Về mặt chính trị, đặc trưng của xã hội xã hội chủ nghĩa theo Hồ Chí Minh là gì?","Là xã hội do nhân dân lao động làm chủ, Nhà nước là công cụ của dân, do dân, vì dân."
40,Mối quan hệ giữa cái chung và cái riêng trong phép biện chứng duy vật là gì?,"Cái chung chỉ tồn tại trong cái riêng, thông qua cái riêng mà biểu hiện sự tồn tại của mình."
41,Chức năng của Kiến trúc thượng tầng là gì?,"Là công cụ để bảo vệ, duy trì và phát triển cơ sở hạ tầng đã sinh ra nó."
42,"Trong quá trình phát triển của sự vật, sự chuyển hóa từ cái đơn nhất thành cái chung là biểu hiện của quá trình nào?",Quá trình cái mới ra đời thay thế cái cũ.
43,Đường lối chung của cách mạng xã hội chủ nghĩa trong giai đoạn mới (ĐH IV) xác định cuộc cách mạng nào là then chốt?,Cách mạng khoa học-kỹ thuật.
44,Đặc điểm của thời đại ngày nay mà lý luận triết học Mác-Lênin cần phải bổ sung và phát triển là gì?,Sự tương tác giữa hai quá trình cách mạng - cách mạng khoa học công nghệ và cách mạng xã hội.
45,"Theo Hồ Chí Minh, để xây dựng một nền văn hóa Việt Nam có tính chất dân tộc, khoa học và đại chúng cần phải làm gì?","Phải triệt để tẩy trừ mọi di tích thuộc địa và ảnh hưởng nô dịch của văn hóa đế quốc; đồng thời, phát triển những truyền thống tốt đẹp của văn hóa dân tộc và hấp thụ những cái mới của văn hóa tiến bộ trên thế giới."
46,Phủ định biện chứng có hai đặc trưng cơ bản nào?,Tính khách quan và tính kế thừa.
47,"Theo quan điểm của Hồ Chí Minh, nhiệm vụ nào của thời kỳ quá độ lên chủ nghĩa xã hội là chủ chốt và lâu dài?",Xây dựng nền kinh tế mới có công nghiệp và nông nghiệp hiện đại (xây dựng).
48,"Mục đích của việc học tập, nghiên cứu lý luận triết học nói chung, triết học Mác - Lênin nói riêng là gì?","Bồi dưỡng thế giới quan duy vật và rèn luyện tư duy biện chứng, đề phòng và chống chủ nghĩa chủ quan, tránh phương pháp tư duy siêu hình."
49,Phương thức sản xuất vật chất là gì?,Là cách thức con người thực hiện quá trình sản xuất vật chất ở những giai đoạn lịch sử nhất định của xã hội loài người.
50,Tính chất giai cấp của ý thức xã hội được thể hiện như thế nào trong xã hội có giai cấp?,Phản ánh những điều kiện sinh hoạt vật chất của giai cấp.
51,Khái niệm “Tư tưởng Hồ Chí Minh” được khẳng định là nền tảng tư tưởng và kim chỉ nam cho hành động của Đảng tại Đại hội nào?,Đại hội đại biểu toàn quốc lần thứ XI (năm 2011).
52,"Theo Hồ Chí Minh, phẩm chất đạo đức nào được coi là ""gốc"" của người cách mạng?",Đạo đức cách mạng.
53,Phạm trù nào chỉ sự thay đổi sự vật này bằng sự vật khác trong quá trình vận động và phát triển?,Phủ định.
54,"Phạm trù triết học dùng để chỉ tính quy định vốn có của sự vật về mặt số lượng, quy mô, trình độ, nhịp điệu của sự vận động và phát triển cũng như các thuộc tính của sự vật là gì?",Lượng.
55,Triết học của Gioocgiơ Béccli thuộc trường phái nào?,Chủ nghĩa duy tâm chủ quan.
56,Đường lối chung của cách mạng Việt Nam sau Đại hội III (1960) là gì?,Thực hiện đồng thời hai chiến lược cách mạng khác nhau ở hai miền: Đẩy mạnh cách mạng xã hội chủ nghĩa ở miền Bắc và tiến hành cách mạng dân tộc dân chủ nhân dân ở miền Nam.
57,"Trong triết học Mác-Lênin, cái gì được coi là thành tựu vĩ đại nhất của tư tưởng khoa học?",Chủ nghĩa duy vật lịch sử của Mác.
58,Đoàn kết quốc tế trong tư tưởng Hồ Chí Minh xuất phát từ tính chất quốc tế của giai cấp nào?,Giai cấp công nhân.
59,"Theo Hồ Chí Minh, phẩm chất nào cần có ở người thanh niên, sinh viên Việt Nam?","Phải có đức, có tài."
60,"Tính đa dạng, phong phú của mối liên hệ biểu hiện như thế nào?","Sự vật khác nhau, hiện tượng khác nhau, không gian khác nhau, thời gian khác nhau thì các mối liên hệ biểu hiện khác nhau."
61,"Phạm trù nào chỉ tổng hợp tất cả những mặt, những yếu tố, những quá trình tạo nên sự vật?",Nội dung.
62,Nhiệm vụ của nhận thức khoa học là gì trong mối liên hệ nhân quả?,"Phải tìm ra nguyên nhân của những hiện tượng trong tự nhiên, xã hội và tư duy để giải thích được những hiện tượng đó."
63,"Theo Hồ Chí Minh, cần kiệm liêm chính có vai trò gì đối với đời sống mới và các phong trào thi đua yêu nước?","Là nền tảng của đời sống mới, của các phong trào thi đua yêu nước."
64,Nguyên tắc cơ bản trong việc xác lập mối quan hệ giữa cá nhân và tập thể là gì theo triết học Mác-Lênin?,"Mối quan hệ giữa lợi ích cá nhân và lợi ích cộng đồng xã hội, vừa có sự thống nhất vừa có mâu thuẫn."
65,"Phạm trù nào chỉ sự tổng hợp tất cả những mặt, những thuộc tính, những mối liên hệ cơ bản và phổ biến nhất của toàn bộ thế giới hiện thực?",Phạm trù triết học.
66,Đảng ta đã khẳng định những nguyên tắc có tính nguyên tắc cần kiên định là gì (tại Hội nghị TW 6 lần 2 khóa VIII)?,"Độc lập dân tộc gắn liền với chủ nghĩa xã hội; chủ nghĩa Mác-Lênin và tư tưởng Hồ Chí Minh; Đảng Cộng sản Việt Nam là lực lượng lãnh đạo cách mạng Việt Nam; không chấp nhận “đa nguyên, đa đảng”."
67,Nội dung cốt lõi của Quy luật phủ định của phủ định là gì?,"Nêu lên mối liên hệ, sự kế thừa giữa cái khẳng định và cái phủ định, nhờ đó phủ định biện chứng là điều kiện cho sự phát triển; nó bảo tồn nội dung tích cực của các giai đoạn trước và bổ sung thêm những thuộc tính mới làm cho sự phát triển đi theo đường 'xoáy ốc'."
68,Mục tiêu về kinh tế trong xã hội xã hội chủ nghĩa theo Hồ Chí Minh là gì?,Phải xây dựng được nền kinh tế phát triển cao gắn bó mật thiết với mục tiêu về chính trị.
69,Quan điểm của Hêraclit về mọi sự vật trong thế giới là gì?,"Mọi sự vật trong thế giới của chúng ta đều thay đổi, vận động, phát triển không ngừng."
70,"Vận động, theo nghĩa chung nhất, được Ph. Ăngghen định nghĩa như thế nào?","Bao gồm tất cả mọi sự thay đổi và mọi quá trình diễn ra trong vũ trụ, kể từ sự thay đổi vị trí đơn giản đến tư duy."
71,"Trong xã hội có giai cấp, hai giai cấp cơ bản đối lập nhau là gì?",Giai cấp thống trị và giai cấp bị trị (hai giai cấp cơ bản đối lập nhau là sản phẩm đích thực của chế độ kinh tế - xã hội đó).
72,Luận điểm bất hủ của Hêraclit là gì?,Chúng ta không thể tắm hai lần trên cùng một dòng sông.
73,Nhận thức thông thường có trước loại nhận thức nào và là nguồn chất liệu để làm gì?,Có trước nhận thức khoa học và là nguồn chất liệu để xây dựng nội dung của các khoa học.
74,"Tình trạng suy thoái về tư tưởng chính trị, đạo đức, lối sống của một bộ phận không nhỏ cán bộ, đảng viên được Hội nghị TW 4 khóa XII xác định là vấn đề gì?","Là trọng tâm, xuyên suốt và cấp bách nhất trong ba vấn đề xây dựng Đảng."
75,"Trong Kinh Dịch, nguồn gốc vũ trụ là gì, và nó sinh ra cái gì?","Thái cực, từ đó sinh ra Lưỡng nghi (âm dương)."
76,Mục tiêu chiến lược số một trong tư tưởng và hành động của Hồ Chí Minh là gì?,Con người là mục tiêu của cách mạng.
77,Hạn chế của triết học duy vật trước Mác khi nghiên cứu thế giới là gì?,"Do ảnh hưởng của quan điểm siêu hình - máy móc nên họ cho rằng mọi hiện tượng của thế giới đều được cấu tạo từ những vật thể ban đầu giống nhau, thống nhất với nhau, cùng bị chi phối bởi một số quy luật nhất định."
78,Mâu thuẫn cơ bản là gì?,"Mâu thuẫn quy định bản chất của sự vật, quy định sự phát triển ở tất cả các giai đoạn của sự vật, nó tồn tại trong suốt quá trình tồn tại các sự vật."
79,Mục tiêu của Đảng trong giai đoạn hiện nay theo Tư tưởng Hồ Chí Minh là gì?,"Xây dựng một nước Việt Nam hòa bình, thống nhất, độc lập, dân chủ và giàu mạnh, và góp phần xứng đáng vào sự nghiệp cách mạng thế giới."
80,"Việc nghiên cứu, học tập lịch sử Đảng đối với hệ đại học không chuyên về lý luận chính trị thường tập trung vào những thời kỳ nào?",Đảng Cộng sản Việt Nam ra đời và lãnh đạo đấu tranh giải phóng dân tộc (1930-1945); Đảng lãnh đạo hai cuộc kháng chiến (1945-1975); Đảng lãnh đạo cả nước quá độ lên chủ nghĩa xã hội và thực hiện công cuộc đổi mới (1975-2018).
81,Phạm trù nào chỉ cái hiện chưa có nhưng bản thân khả năng với tư cách 'cái chưa có' đó lại tồn tại?,Khả năng.
82,Tính phổ biến của mối liên hệ biểu hiện như thế nào?,"Bất kỳ một sự vật, hiện tượng nào; ở bất kỳ không gian nào và ở bất kỳ thời gian nào cũng có mối liên hệ với những sự vật, hiện tượng khác."
83,"Theo Hồ Chí Minh, đoàn kết quốc tế cần được thực hiện trên nền tảng nào và với tinh thần nào?","Trên nền tảng chủ nghĩa Mác - Lênin và chủ nghĩa quốc tế vô sản, có lý có tình."
84,"Trong quá trình phát triển của sự vật, phủ định biện chứng thể hiện tính kế thừa như thế nào?","Cái mới chỉ có thể ra đời trên nền tảng của cái cũ, là sự phát triển tiếp tục của cái cũ trên cơ sở gạt bỏ những mặt tiêu cực, lỗi thời, lạc hậu của cái cũ và chọn lọc, giữ lại những mặt tích cực, bổ sung những mặt mới phù hợp với hiện thực."
85,"Trong tư tưởng Hồ Chí Minh, yếu tố nào được coi là gốc, là nền tảng, là sức mạnh, là tiêu chuẩn hàng đầu của người cách mạng?",Đạo đức.
86,Yêu cầu khách quan của sự phát triển lực lượng sản xuất tất yếu dẫn đến điều gì trong quan hệ sản xuất?,Thay thế quan hệ sản xuất cũ bằng quan hệ sản xuất mới phù hợp với trình độ phát triển mới của lực lượng sản xuất.
87,Sự hình thành con người gắn liền với sự hình thành của những quan hệ nào?,Gắn liền với sự hình thành các quan hệ giữa người với người.
88,Quan điểm của Hồ Chí Minh về việc Đảng cần phải ‘tẩy bỏ những phần tử hủ hóa’ nhằm mục đích gì?,Để Đảng sẽ luôn luôn lớn mạnh cả về số lượng và chất lượng.
89,"Sau Hiệp định Paris, Trung ương Đảng đã đề ra kế hoạch hai năm khôi phục và phát triển kinh tế nào?",Kế hoạch 1974-1975.
90,Quy luật nào được coi là hạt nhân của phép biện chứng?,Quy luật thống nhất và đấu tranh của các mặt đối lập (quy luật mâu thuẫn).
91,Đavít Hium là người sáng lập những nguyên tắc cơ bản của thuyết nào ở châu Âu thời cận đại?,Thuyết không thể biết.
92,Sự thống nhất của các mặt đối lập là gì?,"Sự nương tựa vào nhau, không tách rời nhau giữa các mặt đối lập, sự tồn tại của mặt này phải lấy sự tồn tại của mặt kia làm tiền đề."
93,"Trong quá trình nhận thức, con người phải đi theo trình tự nào?",Từ trực quan sinh động đến tư duy trừu tượng và từ tư duy trừu tượng đến thực tiễn.
94,"Trong công cuộc xây dựng chủ nghĩa xã hội ở miền Bắc, Đại hội III (1960) đã xác định cuộc cách mạng xã hội chủ nghĩa là một quá trình cải biến cách mạng về mọi mặt, đó là quá trình đấu tranh giữa hai con đường nào?",Con đường xã hội chủ nghĩa và con đường tư bản chủ nghĩa.
95,Chân lý là gì theo chủ nghĩa duy vật biện chứng?,Những tri thức phù hợp với hiện thực khách quan và được thực tiễn kiểm nghiệm.
96,"Mối quan hệ nào được Hồ Chí Minh coi là mối quan hệ khăng khít, máu thịt?",Mối quan hệ giữa Đảng Cộng sản – Giai cấp công nhân – Nhân dân Việt Nam.
97,Hồ Chí Minh đã phát triển quan niệm Nho giáo về Trung Hiếu thành những nội dung mới rộng lớn như thế nào?,"Trung với nước, Hiếu với toàn dân, với đồng bào."
98,Phạm trù nào chỉ cái do những nguyên nhân cơ bản bên trong của kết cấu vật chất quyết định và trong những điều kiện nhất định nó phải xảy ra như thế chứ không thể khác được?,Tất nhiên.
99,"Quy luật nào cho biết phương thức của sự vận động, phát triển của sự vật?",Quy luật chuyển hóa từ những thay đổi về lượng thành những thay đổi về chất và ngược lại.
100,Bản chất của nhận thức là gì theo chủ nghĩa duy vật biện chứng?,"Là quá trình phản ánh tích cực, tự giác và sáng tạo thế giới khách quan vào bộ óc người trên cơ sở thực tiễn."
101,Nguyên tắc phương pháp luận rút ra từ mối quan hệ giữa tất nhiên và ngẫu nhiên là gì?,"Trong hoạt động thực tiễn chúng ta phải dựa vào cái tất nhiên, mà không thể dựa vào cái ngẫu nhiên, nhưng cũng không được bỏ qua hoàn toàn cái ngẫu nhiên."
102,Tính khách quan của phủ định biện chứng thể hiện như thế nào?,"Nội dung và khuynh hướng của sự phát triển là khách quan, không phụ thuộc vào ý muốn, ý chí của con người."
103,"Trong quá trình vận động và phát triển của sự vật, khuynh hướng chủ đạo của nội dung và hình thức là gì?","Khuynh hướng chủ đạo của nội dung là biến đổi; khuynh hướng chủ đạo của hình thức là tương đối bền vững, chậm biến đổi hơn so với nội dung."
104,Mối quan hệ giữa vật chất và ý thức có ý nghĩa phương pháp luận như thế nào?,"Con người phải tôn trọng khách quan, đồng thời phát huy tính năng động chủ quan của mình."
105,"Trong xã hội có giai cấp, mâu thuẫn đối kháng là mâu thuẫn giữa những đối tượng nào?","Giữa những giai cấp, những tập đoàn người có lợi ích cơ bản đối lập nhau."
106,"Theo Hồ Chí Minh, lãng phí được xác định là lãng phí những gì?","Lãng phí sức lao động, lãng phí thời giờ, lãng phí tiền của."
107,"Trong giai đoạn kháng chiến chống Mỹ, miền Bắc có vai trò gì đối với miền Nam?","Miền Nam là tiền tuyến lớn, miền Bắc là hậu phương lớn."
108,"Trong Nho giáo, luân thường được hiểu là gì?","Luân là năm quan hệ lớn (ngũ luân); Thường là năm đức tính thường xuyên phải trau dồi (ngũ thường: Nhân, nghĩa, lễ, trí, tín)."
109,"Theo Hồ Chí Minh, nhiệm vụ xây dựng chế độ dân chủ trong thời kỳ quá độ là nhiệm vụ về lĩnh vực nào?",Chính trị.
110,Phạm trù nào chỉ sự biểu hiện ra 'bên ngoài' của bản chất?,Hiện tượng.
111,"Theo Hồ Chí Minh, để tránh căn bệnh “lý luận suông”, người học cần phải làm gì?","Phải đem lý luận áp dụng vào công việc thực tế, phải ra sức thực hành."
112,"Phạm trù triết học dùng để chỉ tính quy định khách quan vốn có của sự vật, là sự thống nhất hữu cơ của những thuộc tính làm cho sự vật là nó chứ không phải là cái khác là gì?",Chất.
113,"Mối quan hệ nào được Ph.Ăngghen nhận xét là gắn với nhau trong một khái niệm về sự tác động qua lại một cách phổ biến, trong đó nguyên nhân và kết quả luôn thay đổi vị trí cho nhau?",Nguyên nhân và kết quả.
114,"Theo Hồ Chí Minh, tiêu chí để tập hợp, đoàn kết mọi người dân vào khối đại đoàn kết là gì?","Ai có tài, có đức, có sức, có lòng phụng sự Tổ quốc và phục vụ nhân dân thì ta đoàn kết với họ."
115,"Trong quan hệ biện chứng giữa nội dung và hình thức, cái nào giữ vai trò quyết định?",Nội dung giữ vai trò quyết định đối với hình thức trong quá trình vận động phát triển của sự vật.
116,Thuyết Âm Dương và Ngũ hành được kết hợp làm một vào thời nào và với đại biểu nào?,"Thời Chiến Quốc, đại biểu lớn nhất là Trâu Diễn."
117,"Theo Lênin, sự phát triển của cái gì là một cuộc 'đấu tranh' giữa các mặt đối lập?",Sự phát triển là một cuộc 'đấu tranh' giữa các mặt đối lập.
118,"Theo Hồ Chí Minh, Nhà nước quản lý bằng gì?",Quản lý bằng Hiến pháp và bằng pháp luật nói chung.
119,Khuynh hướng phát triển của sự vật (Quy luật phủ định của phủ định) được khái quát theo con đường nào?,Theo đường 'xoáy ốc'.
120,Sản xuất xã hội bao gồm những quá trình nào?,"Sản xuất vật chất, sản xuất tinh thần và sản xuất ra bản thân con người."
121,"Trong Di chúc, Hồ Chí Minh mong muốn thanh niên được chăm lo giáo dục gì?","Giáo dục đạo đức cách mạng, đào tạo họ thành những người thừa kế xây dựng chủ nghĩa xã hội vừa 'hồng' vừa 'chuyên'."
122,Đại hội đại biểu toàn quốc lần thứ V của Đảng (3-1982) xác định hai nhiệm vụ chiến lược của cách mạng Việt Nam là gì?,Xây dựng thành công chủ nghĩa xã hội và bảo vệ vững chắc Tổ quốc Việt Nam xã hội chủ nghĩa.
123,"Phạm trù nào chỉ sự tác động lẫn nhau giữa các mặt trong một sự vật hoặc giữa các sự vật với nhau, gây ra một biến đổi nhất định nào đó?",Nguyên nhân.
124,Điểm cốt lõi của tư tưởng Hồ Chí Minh về cách mạng Việt Nam là gì?,"Bài học về sự kết hợp chặt chẽ nhuần nhuyễn đấu tranh giai cấp và đấu tranh dân tộc, giải phóng dân tộc và giải phóng xã hội."
125,"Mục đích cuối cùng của việc điều hòa mâu thuẫn trong triết học Trung Hoa cổ, trung đại là gì?",Đạt sự hài hòa thống nhất giữa tự nhiên và xã hội.
126,Mặt nào là đặc trưng bản chất để phân biệt con người với loài vật?,Mặt xã hội.
127,Một trong những bài học lớn nhất của cách mạng Việt Nam là gì (theo Đại hội X)?,Trong quá trình đổi mới phải kiên định mục tiêu độc lập dân tộc và chủ nghĩa xã hội trên nền tảng chủ nghĩa Mác-Lênin và tư tưởng Hồ Chí Minh.
128,"Theo Hồ Chí Minh, người ta chỉ có thể trở thành người cộng sản khi nào?",Khi biết làm giàu trí óc của mình bằng sự hiểu biết tất cả những kho tàng tri thức mà nhân loại đã tạo ra.
129,Tính tất yếu của mối liên hệ nhân quả trên thực tế phải được hiểu là gì?,Nguyên nhân tác động trong những điều kiện và hoàn cảnh càng ít khác nhau bao nhiêu thì kết quả do chúng gây ra càng giống nhau bấy nhiêu.
130,Thắng lợi của cuộc Tổng tuyển cử bầu Quốc hội chung của nước Việt Nam thống nhất (25-4-1976) thể hiện ý chí gì của nhân dân?,Thể hiện ý chí đoàn kết toàn dân tộc quyết tâm thực hiện Di chúc thiêng liêng của Chủ tịch Hồ Chí Minh.
131,Mục tiêu và con đường phát triển của dân tộc Việt Nam là gì (theo TTHCM)?,Độc lập dân tộc gắn liền với chủ nghĩa xã hội.
132,Hồ Chí Minh đã khẳng định điều gì về thắng lợi của cách mạng Việt Nam?,Thắng lợi đó trước hết là nhờ cái vũ khí không gì thay thế được là chủ nghĩa Mác - Lênin.
133,Lực lượng sản xuất và quan hệ sản xuất biểu hiện những quan hệ nào của con người trong sản xuất?,Lực lượng sản xuất biểu hiện quan hệ giữa người với tự nhiên; Quan hệ sản xuất biểu hiện quan hệ giữa người với người.
134,"Theo Hồ Chí Minh, “Đạo đức cũ” và “Đạo đức mới” khác nhau như thế nào?","Đạo đức cũ như người đầu ngược xuống đất chân chổng lên trời. Đạo đức mới như người hai chân đứng vững được dưới đất, đầu ngửng lên trời."
135,Thực chất của việc mô hình hóa đối tượng trong tư duy dưới dạng hình ảnh tinh thần là gì?,Quá trình 'sáng tạo lại' hiện thực của ý thức theo nghĩa: mã hóa các đối tượng vật chất thành các ý tưởng tinh thần phi vật chất.
136,Mặt sinh học và mặt xã hội trong mỗi con người có mối quan hệ như thế nào?,"Thống nhất, trong đó mặt sinh học là cơ sở tất yếu tự nhiên, còn mặt xã hội là đặc trưng bản chất."
137,Mặt nào của vấn đề cơ bản của triết học là cơ sở để phân biệt chủ nghĩa duy vật và chủ nghĩa duy tâm?,"Mặt thứ nhất: Giữa ý thức và vật chất thì cái nào có trước, cái nào có sau, cái nào quyết định cái nào?"
138,"Theo Lênin, Nhà nước được sinh ra như thế nào?",Nhà nước như là sản phẩm của sự phân chia xã hội thành giai cấp.
139,"Theo Hồ Chí Minh, vì lợi ích lâu dài thì phải làm gì?",Phải 'trồng người'.
140,"Khái niệm nào được coi là hệ thống các quan điểm chỉ đạo việc tìm tòi, xây dựng, lựa chọn và vận dụng các phương pháp?",Phương pháp luận.
141,"Nguyên tắc cơ bản trong tổ chức, sinh hoạt và hoạt động của Đảng là gì theo Hội nghị Trung ương 6 lần 2 khóa VIII?",Tập trung dân chủ.
142,"Theo Hồ Chí Minh, lý luận chân chính là lý luận được đúc kết từ đâu?","Lý luận do kinh nghiệm cách mạng ở các nước và trong nước ta, do kinh nghiệm từ trước và kinh nghiệm hiện nay gom góp phân tích và kết luận những kinh nghiệm đó thành ra lý luận."
143,"Trong quá trình phát triển của sự vật, sự chuyển hóa từ cái chung thành cái đơn nhất là biểu hiện của quá trình nào?","Quá trình cái cũ, cái lỗi thời bị phủ định."
144,Mâu thuẫn chủ yếu là gì?,"Mâu thuẫn nổi lên hàng đầu ở một giai đoạn phát triển nhất định của sự vật, nó chi phối các mâu thuẫn khác trong giai đoạn đó."
145,"Theo Phơrớt, ""Cái tôi"" hoạt động theo nhu cầu nào?","Theo nhu cầu của thế giới bên ngoài, điều tiết sự xung đột giữa ""cái ấy"" và thế giới bên ngoài."
146,"Theo Hồ Chí Minh, lý luận như cái gì?","Lý luận như cái tên (hoặc viên đạn), thực hành cũng như cái đích để bắn."
147,Thắng lợi của công cuộc bầu cử Quốc hội chung của nước Việt Nam thống nhất diễn ra vào thời gian nào?,Ngày 25-4-1976.
148,"Phạm trù nào chỉ phương thức tồn tại và phát triển của sự vật, là hệ thống các mối liên hệ tương đối bền vững giữa các yếu tố của sự vật đó?",Hình thức.
149,Quan điểm của Chủ nghĩa duy vật biện chứng về chân lý là gì?,Chân lý là tri thức phù hợp với hiện thực khách quan và được thực tiễn kiểm nghiệm.
150,Các hình thức cơ bản của bước nhảy được quyết định bởi những yếu tố nào?,Bản thân sự vật và những điều kiện cụ thể trong đó sự vật thực hiện bước nhảy.
151,Yếu tố nào được coi là nhân tố quyết định sự thành bại của cách mạng và là khâu then chốt trong công tác xây dựng Đảng?,Cán bộ.
152,"Hồ Chí Minh đã cảnh báo điều gì nếu một dân tộc, một đảng hay một con người sa vào chủ nghĩa cá nhân?","Ngày hôm qua là vĩ đại, có sức hấp dẫn lớn, không nhất định hôm nay và ngày mai vẫn được mọi người yêu mến và ca ngợi."
153,Phép biện chứng duy vật được xây dựng trên cơ sở hai nguyên lý khái quát nhất nào?,Nguyên lý về mối liên hệ phổ biến và nguyên lý về sự phát triển.
154,Làm rõ đoàn kết để thực hiện mục tiêu cách mạng trong giai đoạn hiện nay theo tư tưởng Hồ Chí Minh là gì?,"Dân giàu, nước mạnh, dân chủ, xã hội công bằng văn minh."
155,"Trong những điều kiện nhất định, cái gì có thể chuyển hóa thành cái ngẫu nhiên và ngược lại?",Tất nhiên có thể chuyển hóa thành ngẫu nhiên và ngược lại.
156,"Trong quá trình phát triển của sự vật, yếu tố nào thường biến đổi trước, còn yếu tố nào biến đổi chậm hơn?",Các yếu tố của nội dung biến đổi trước; hình thức (mối liên kết) biến đổi chậm hơn.
157,Thực tiễn được phân chia thành ba hình thức cơ bản nào?,"Hoạt động sản xuất vật chất, hoạt động chính trị - xã hội và hoạt động thực nghiệm khoa học."
158,Hạn chế của Đảng trong chỉ đạo thực tiễn xây dựng chủ nghĩa xã hội ở miền Bắc là gì (trước 1975)?,"Có thời điểm đánh giá so sánh lực lượng giữa ta và địch chưa thật đầy đủ và còn có những biểu hiện nóng vội, chủ quan, duy ý chí trong xây dựng chủ nghĩa xã hội ở miền Bắc."
159,Quan hệ sản xuất là gì?,Là quan hệ giữa người với người trong quá trình sản xuất (sản xuất và tái sản xuất xã hội).
160,"Để đạt được hiệu quả cao trong hoạt động thực tiễn, con người phải làm gì theo quan điểm toàn diện?","Phải biết sử dụng đồng bộ các biện pháp, các phương tiện khác nhau để tác động nhằm đem lại hiệu quả cao nhất."
161,"Theo Hồ Chí Minh, nếu không có tình yêu thương đối với những người nghèo khổ, những người bị áp bức, bị bóc lột thì không thể nói đến điều gì?","Không thể nói đến cách mạng, càng không thể nói đến chủ nghĩa xã hội và chủ nghĩa cộng sản."
162,Mâu thuẫn bên trong là gì?,"Sự tác động qua lại giữa các mặt, các khuynh hướng đối lập của cùng một sự vật."
163,Tính cách mạng của giai cấp tư sản ở giữa thế kỷ XIX thể hiện ở đâu?,Giai cấp tư sản khi còn là giai cấp cách mạng đã nêu cao vấn đề dân tộc để tập hợp quần chúng đấu tranh giành và giữ chính quyền tư sản.
164,"Để trở thành người có phẩm chất đạo đức tốt, Hồ Chí Minh coi cần, kiệm, liêm, chính là bốn đức tính cơ bản như thế nào?","Giống như bốn mùa của trời, bốn phương của đất; “Thiếu một đức, thì không thành người”."
165,Quan điểm biện chứng xem xét sự phát triển là một quá trình như thế nào?,"Là một quá trình tiến lên từ thấp đến cao, diễn ra vừa dần dần, vừa nhảy vọt, đưa tới sự ra đời của cái mới thay thế cái cũ."
166,Hồ Chí Minh đã kế thừa và phát triển tinh thần nào trong Nho giáo để quản lý xã hội?,"Tư tưởng dùng nhân trị, đức trị để quản lý xã hội và tinh thần trọng đạo đức trong việc tu dưỡng, rèn luyện đạo đức."
167,Quan điểm của Chủ nghĩa duy vật biện chứng về không gian và thời gian là gì?,Phải thừa nhận một cách dứt khoát và kiên quyết rằng những khái niệm đang phát triển của chúng ta về không gian và thời gian đều phản ánh thời gian và không gian thực tại khách quan.
168,"Phạm trù nào chỉ cái không do mối liên hệ bản chất, bên trong kết cấu vật chất, bên trong sự vật quyết định mà do các nhân tố bên ngoài quyết định?",Ngẫu nhiên.
169,Tình cảm đạo đức có vai trò gì trong ý thức đạo đức?,"Là yếu tố đặc biệt quan trọng, nếu thiếu nó thì những tri thức đạo đức không thể chuyển hóa thành hành vi đạo đức."
170,Quy luật thống nhất và đấu tranh của các mặt đối lập được V.I. Lênin định nghĩa vắn tắt là gì?,Học thuyết về sự thống nhất của các mặt đối lập.
171,Mục tiêu tổng quát của công cuộc đổi mới mang tầm vóc và ý nghĩa cách mạng là gì?,"“Dân giàu, nước mạnh, dân chủ, công bằng, văn minh”."
172,Phản ánh là thuộc tính gì trong mọi dạng vật chất?,Phản ánh là thuộc tính phổ biến trong mọi dạng vật chất.
173,Phẩm chất đạo đức bao trùm quan trọng nhất và chi phối các phẩm chất khác trong tư tưởng Hồ Chí Minh là gì?,"Trung với nước, hiếu với dân."
174,Sự khác biệt căn bản của triết học Mác-Lênin về phạm trù triết học là gì?,"Phạm trù của phép biện chứng duy vật là những khái niệm chung nhất phản ánh những mặt, thuộc tính, mối liên hệ cơ bản và phổ biến nhất của toàn bộ thế giới hiện thực, bao gồm cả tự nhiên, xã hội và tư duy."
175,Tâm lý và tư tưởng nào của nhân dân miền Bắc đã được dấy lên sau Lời kêu gọi của Hồ Chí Minh (17-7-1966)?,"Cao trào chống Mỹ, cứu nước, vừa sản xuất, vừa chiến đấu, với niềm tin tưởng và quyết tâm cao độ."
176,"Theo Hồ Chí Minh, mục tiêu văn hóa - nhìn một cách tổng quát - là gì?","Quyền sống, quyền sung sướng, quyền tự do, quyền mưu cầu hạnh phúc; là khát vọng của nhân dân về các giá trị chân, thiện, mỹ."
177,Mục đích của việc Đảng ra Chỉ thị số 100-CT/TW (1-1981) về khoán sản phẩm đến nhóm và người lao động trong các hợp tác xã nông nghiệp là gì?,Giải quyết hiện tượng “khoán chui” trong hợp tác xã nông nghiệp.
178,"Trong Di chúc, Hồ Chí Minh dặn dò Đảng về quan hệ giữa các đồng chí là gì?",Phải có tình đồng chí thương yêu lẫn nhau.
179,Cái riêng là gì?,"Phạm trù chỉ một sự vật, một hiện tượng, một quá trình nhất định."
180,"Trong mối quan hệ giữa bản chất và hiện tượng, cái nào sâu sắc hơn và cái nào phong phú hơn?","Bản chất sâu sắc hơn hiện tượng, còn hiện tượng phong phú hơn bản chất."
181,"Theo Hồ Chí Minh, hai câu hỏi cần phải trả lời dứt khoát đối với thanh niên trí thức là gì?",Học để làm gì? Học để phục vụ ai?
182,"Trong quá trình phát triển của sự vật, sự thống nhất giữa sự ổn định và sự thay đổi được quy định bởi quy luật nào?",Sự thống nhất và đấu tranh của các mặt đối lập.
183,Nội dung cơ bản của đạo đức Nho gia là gì?,Luân thường.
184,Quan hệ giữa đấu tranh giai cấp và đấu tranh dân tộc có mối quan hệ nào?,Không chỉ đấu tranh giai cấp tác động vào đấu tranh dân tộc mà còn có chiều ngược lại: đấu tranh dân tộc tác động vào đấu tranh giai cấp.
185,"Theo Hồ Chí Minh, “cán bộ” là những người có vai trò gì?","Đem chính sách của Đảng, của Chính phủ giải thích cho dân chúng hiểu rõ và thi hành. Đồng thời đem tình hình của dân chúng báo cáo cho Đảng, cho Chính phủ hiểu rõ, để đặt chính sách cho đúng."
186,Phương pháp lôgíc và phương pháp lịch sử là hai phương pháp nào được kết hợp trong nghiên cứu tư tưởng Hồ Chí Minh?,Phương pháp chuyên ngành và liên ngành.
187,Mâu thuẫn cơ bản nào quy định bản chất của sự vật và tồn tại trong suốt quá trình tồn tại của sự vật?,Mâu thuẫn cơ bản.
188,"Theo Hồ Chí Minh, “Tiết kiệm không phải là bủn xỉn”, vậy bủn xỉn là gì?","Việc đáng tiêu mà không tiêu, là bủn xỉn, chứ không phải là kiệm."
189,Mối liên hệ giữa bản chất và hiện tượng về căn bản là gì?,Phù hợp với nhau.
190,"Theo Hồ Chí Minh, việc giáo dục đạo đức mới phải được tiến hành phù hợp với những yếu tố nào?","Phù hợp với từng giai đoạn cách mạng, phù hợp với từng lứa tuổi, ngành nghề, giai cấp, tầng lớp và trong từng môi trường khác nhau."
191,"Trong những điều kiện nhất định, cái gì có thể chuyển hóa từ khả năng thành hiện thực mới?",Khả năng.
192,Tính kiên định và đổi mới trong Cương lĩnh năm 2011 được xác định như thế nào?,"Sự thống nhất giữa tính kiên định và đổi mới, khoa học và cách mạng, trí tuệ và tình cảm, hiện tại và tương lai của Cương lĩnh là định hướng cho cả dân tộc thực hiện mục tiêu và con đường cách mạng mà Hồ Chí Minh đã xác định."
193,Nguồn gốc sâu xa của sự hình thành khoa học là gì?,Do nhu cầu phát triển sản xuất.
194,"Vấn đề nào được coi là tiêu chuẩn để xác định lập trường, thế giới quan của các triết gia và học thuyết của họ?",Giải quyết vấn đề cơ bản của triết học.
195,Quy luật của tự nhiên và quy luật của xã hội khác nhau cơ bản ở điểm nào trong quá trình thực hiện?,"Quy luật của tự nhiên diễn ra một cách tự phát, còn quy luật của xã hội chỉ được thực hiện thông qua hoạt động có ý thức của con người."
196,"Đại hội VI (12-1986) tổng kết quá trình lãnh đạo cách mạng, đặc biệt lãnh đạo cách mạng xã hội chủ nghĩa, thấy rõ sự cần thiết phải làm gì?",Đổi mới tư duy lý luận và đề ra đường lối đổi mới.
197,"Theo Hồ Chí Minh, phẩm chất “liêm” là gì?","Là trong sạch, không tham lam; là liêm khiết, luôn luôn tôn trọng giữ gìn của công, của dân."
198,"Phạm trù nào chỉ sự tổng hợp tất cả những mặt, những mối liên hệ tất nhiên, tương đối ổn định bên trong sự vật, quy định sự vận động và phát triển của sự vật?",Bản chất.
199,Phát triển là gì theo quan điểm duy vật biện chứng?,"Là một quá trình vận động tiến lên từ thấp đến cao, từ đơn giản đến phức tạp, từ kém hoàn thiện đến hoàn thiện hơn của sự vật."
200,Thực tiễn đóng vai trò gì đối với chân lý?,Là tiêu chuẩn để kiểm tra chân lý.
201,Lênin đã định nghĩa vật chất là gì?,"Vật chất là một phạm trù triết học dùng để chỉ thực tại khách quan được đem lại cho con người trong cảm giác, được cảm giác của chúng ta chép lại, chụp lại, phản ánh và tồn tại không lệ thuộc vào cảm giác."
202,Quy luật xã hội tồn tại và tác động trong những điều kiện nào?,"Trong những điều kiện nhất định, khi những điều kiện tồn tại tất yếu của quy luật xã hội mất đi, thì quy luật cũng không còn tồn tại."
203,Chức năng của văn hóa giáo dục theo Hồ Chí Minh là gì?,"Diệt giặc dốt, xóa mù chữ, giúp con người hiểu biết quy luật phát triển của xã hội, và với sứ mệnh “trồng người”, đào tạo con người mới, cán bộ mới, nguồn nhân lực chất lượng cao cho sự nghiệp cách mạng."
204,"Trong triết học phương Tây hiện đại, hai trào lưu chủ yếu xoay quanh triết học là gì?",Chủ nghĩa duy khoa học và chủ nghĩa nhân bản phi duy lý.
205,Quan điểm của Hồ Chí Minh về việc Đảng phải “học hỏi quần chúng nhưng không theo đuôi quần chúng” có ý nghĩa gì?,Phải chú ý nâng cao dân chúng.
206,"Trong tư tưởng Hồ Chí Minh, “xây đi đôi với chống” trong xây dựng đạo đức mới có ý nghĩa gì?","Xây tức là xây dựng các giá trị, các chuẩn mực đạo đức mới; chống là chống các biểu hiện, các hành vi vô đạo đức, suy thoái đạo đức."
207,Tồn tại xã hội là gì?,Toàn bộ sinh hoạt vật chất và những điều kiện sinh hoạt vật chất của xã hội.
208,"Theo Hồ Chí Minh, muốn cải tạo thế giới và cải tạo xã hội thì trước hết phải làm gì?",Phải tự cải tạo bản thân chúng ta.
209,Đảng đã rút ra bài học gì về việc phát huy sức mạnh dân tộc và sức mạnh thời đại trong điều kiện mới (Đại hội X)?,"Phát huy cao độ nội lực, đồng thời ra sức tranh thủ ngoại lực, kết hợp sức mạnh dân tộc với sức mạnh thời đại trong điều kiện mới."
210,"Trong công tác cán bộ, Hồ Chí Minh yêu cầu phải kết hợp những loại cán bộ nào?","Kết hợp “cán bộ cấp trên phái đến và cán bộ địa phương”, kết hợp cán bộ trẻ với cán bộ cũ."
211,Tính kế thừa của phủ định biện chứng có ý nghĩa gì trong hoạt động của con người?,"Con người phải biết kế thừa tinh hoa của cái cũ, tránh thái độ phủ định sạch trơn."
212,Lực lượng sản xuất là gì?,Lực lượng sản xuất biểu hiện mối quan hệ giữa con người với tự nhiên trong quá trình sản xuất.
213,"Theo Hồ Chí Minh, mục đích của việc đoàn kết trong Mặt trận Dân tộc Thống nhất là gì?","Đoàn kết phải lấy lợi ích tối cao của dân tộc, lợi ích căn bản của nhân dân lao động làm mục tiêu phấn đấu."
214,"Theo quan điểm duy vật biện chứng, cái chung là gì?","Phạm trù triết học dùng để chỉ những mặt, những thuộc tính không những có ở một kết cấu vật chất nhất định, mà còn được lặp lại trong nhiều sự vật, hiện tượng hay quá trình riêng lẻ khác."
215,"Theo Cantơ, nhận thức con người chỉ biết được gì?",Chỉ biết được hiện tượng bề ngoài mà không xâm nhập được vào bản chất đích thực của sự vật.
216,Thuyết không thể biết (agnosticisme) là học thuyết triết học như thế nào?,Phủ nhận khả năng nhận thức của con người.
217,Mục tiêu và con đường cách mạng Việt Nam đã được Đảng khẳng định sau khi tổng kết là gì?,Độc lập dân tộc gắn liền với chủ nghĩa xã hội.
218,Quan điểm của Chủ nghĩa duy vật biện chứng về chân lý có tính khách quan là gì?,"Nội dung của những tri thức đúng đắn không phải là sản phẩm thuần túy chủ quan, mà nội dung đó thuộc về thế giới khách quan, do thế giới khách quan quy định."
219,"Phép biện chứng duy vật đã gạt bỏ tính chất nào, và kế thừa hạt nhân hợp lý nào để xây dựng nên học thuyết của mình?","Gạt bỏ tính chất thần bí, kế thừa những hạt nhân hợp lý trong phép biện chứng duy tâm."
220,Nguyên tắc quan trọng bậc nhất trong xây dựng nền đạo đức mới theo Hồ Chí Minh là gì?,"Nói đi đôi với làm, nêu gương về đạo đức."
221,"Theo Ph.Ăngghen, sự phát triển của khoa học tự nhiên đã tác động như thế nào đến chủ nghĩa duy vật?",Mỗi khi khoa học tự nhiên có những phát minh mang tính chất vạch thời đại thì chủ nghĩa duy vật không thể không thay đổi hình thức của nó.
222,"Hai nhiệm vụ nào không tách rời nhau, mà mật thiết gắn bó nhau trong cuộc chiến tranh chống Mỹ?",Nhiệm vụ bảo vệ miền Bắc và giải phóng miền Nam.
223,Đặc điểm của thời kỳ quá độ lên chủ nghĩa xã hội ở nước ta được Đại hội V xác định là gì?,"Nền kinh tế có cơ cấu nhiều thành phần, đó là sự cần thiết khách quan để phát triển lực lượng sản xuất, tận dụng các tiềm năng, tạo thêm việc làm cho người lao động, phải sử dụng đúng đắn các thành phần kinh tế."
224,"Theo Hồ Chí Minh, đoàn kết thật sự trong Mặt trận là gì?","Vừa đoàn kết, vừa đấu tranh, học những cái tốt của nhau, phê bình những cái sai của nhau và phê bình trên lập trường thân ái, vì nước, vì dân."
225,"Theo Ph.Ăngghen, có mấy hình thức vận động cơ bản của vật chất?","5 hình thức cơ bản: Vận động cơ học, vật lý, hóa học, sinh học, và xã hội."
226,Phạm trù nào được triết học Mác-Lênin sử dụng để chỉ sự thay đổi căn bản về chất của sự vật do sự thay đổi về lượng của sự vật trước đó gây nên?,Bước nhảy.
227,Đại hội VI (12-1986) của Đảng đã đề ra đường lối gì?,Đề ra đường lối đổi mới.
228,"Theo Hồ Chí Minh, đức và tài có mối quan hệ như thế nào?","Đức và tài, hồng và chuyên, phẩm chất và năng lực phải thống nhất làm một, trong đó đạo đức là gốc."
229,"Theo Hồ Chí Minh, Hiếu với dân là gì?","Thương dân, tin dân, thân dân, học hỏi dân, lấy trí tuệ ở dân, kính trọng dân, lấy dân làm gốc, 'hết lòng hết sức phục vụ nhân dân'."
230,Tính khách quan của mối liên hệ biểu hiện như thế nào?,"Các mối liên hệ là vốn có của mọi sự vật, hiện tượng; nó không phụ thuộc vào ý thức của con người."
231,"Trong quá trình phát triển của sự vật, sự thống nhất giữa tính ổn định và tính thay đổi được quy định bởi quy luật nào?",Sự thống nhất và đấu tranh của các mặt đối lập.
232,"Hồ Chí Minh cho rằng, cán bộ có quyền mà thiếu lương tâm thì sẽ có dịp làm gì?","Có dịp đục khoét, có dịp ăn của đút, có dịp “dĩ công vi tư”."
233,Mối quan hệ giữa cái chung và cái đơn nhất là gì?,Cái đơn nhất và cái chung có thể chuyển hóa lẫn nhau trong quá trình phát triển của sự vật.
234,Quan điểm lịch sử - cụ thể đòi hỏi điều gì khi nhận thức và tác động vào sự vật?,"Phải chú ý điều kiện, hoàn cảnh lịch sử - cụ thể, môi trường cụ thể trong đó sự vật sinh ra, tồn tại và phát triển."
235,"Theo Hồ Chí Minh, con người Việt Nam cần có những phẩm chất gì trong thời kỳ mới?","Giàu lòng yêu nước, có ý thức làm chủ, trách nhiệm công dân; có tri thức, sức khoẻ, lao động giỏi; sống có văn hoá, nghĩa tình; có tinh thần quốc tế chân chính."
236,"Triết học nào đã khẳng định con người sáng tạo ra Thượng đế, đấu tranh chống các quan niệm tôn giáo chính thống?",Triết học nhân bản của Phoiơbắc.
237,Triết học Mác-Lênin đã chấm dứt tham vọng coi triết học là gì?,Là 'khoa học của các khoa học' đứng trên mọi khoa học.
238,"Trong Di chúc, Hồ Chí Minh mong muốn Đảng sẽ hoạt động vì điều gì trong quan hệ quốc tế?","Góp phần đắc lực vào việc khôi phục lại khối đoàn kết giữa các đảng anh em trên nền tảng chủ nghĩa Mác - Lênin và chủ nghĩa quốc tế vô sản, có lý có tình."
239,Hội nghị Trung ương 4 khóa XII (10-2016) đã ra Nghị quyết về vấn đề gì?,"Về tiếp tục đổi mới mô hình tăng trưởng, nâng cao chất lượng tăng trưởng, năng suất lao động và sức cạnh tranh của nền kinh tế."
240,"Theo Hồ Chí Minh, mục đích của việc vận động quần chúng là gì?","Vận động quần chúng để thu hút quần chính là để đoàn kết mọi người, tạo ra động lực phát triển kinh tế - xã hội và văn hoá."
241,"Phạm trù nào chỉ những nét, những mặt, những thuộc tính chỉ có ở một sự vật, một kết cấu vật chất, mà không lặp lại ở sự vật, hiện tượng, kết cấu vật chất khác?",Cái đơn nhất.
242,Đảng đã rút ra bài học gì về việc kết hợp đổi mới kinh tế với đổi mới chính trị qua 10 năm đổi mới (ĐH VIII)?,"Kết hợp chặt chẽ ngay từ đầu đổi mới kinh tế với đổi mới chính trị; lấy đổi mới kinh tế làm trọng tâm, đồng thời từng bước đổi mới chính trị."
243,"Theo Hồ Chí Minh, tự phê bình và phê bình có tác dụng như thế nào?",Là 'thang thuốc' tốt nhất để làm cho phần tốt trong mỗi tổ chức và mỗi con người nẩy nở như hoa mùa xuân và phần xấu bị mất dần đi.
244,"Theo Phái duy thực, cái gì là cái có thực, tồn tại độc lập và sinh ra cái riêng?","Cái chung (thực thể tinh thần như thượng đế, tinh thần thế giới, là 'ý niệm')."
245,"Sự đấu tranh của các mặt đối lập được xem là gì, so với sự thống nhất của chúng?","Là tuyệt đối, cũng như sự phát triển, sự vận động là tuyệt đối."
246,Quan hệ sản xuất bao gồm những mặt nào?,"Quan hệ về sở hữu đối với tư liệu sản xuất, quan hệ trong tổ chức và quản lý sản xuất, quan hệ trong phân phối sản phẩm sản xuất ra."
247,Đâu là bài học kinh nghiệm về vai trò của nhân dân mà Đại hội XII (2016) đã nhấn mạnh?,"Đổi mới phải luôn luôn quán triệt quan điểm “dân là gốc”, vì lợi ích nhân dân, dựa vào nhân dân, phát huy vai trò làm chủ, tinh thần trách nhiệm, sức sáng tạo và mọi nguồn lực của nhân dân, phát huy sức mạnh đại đoàn kết toàn dân tộc."
248,Luận điểm triết học nổi tiếng của Rơnê Đêcáctơ là gì?,"""Tôi suy nghĩ vậy tôi tồn tại""."
249,"Theo Nho gia, Đạo của con người được lập nên dựa trên những khái niệm nào?",Nhân và nghĩa.
250,"Theo quan điểm của Đảng, Hội nghị Trung ương 7 (3-2003) khẳng định Đại đoàn kết toàn dân tộc là gì?","Là đường lối chiến lược của cách mạng Việt Nam; là nguồn sức mạnh, động lực chủ yếu và là nhân tố có ý nghĩa quyết định bảo đảm phát triển bền vững đất nước."
251,Mối quan hệ giữa tồn tại xã hội và ý thức xã hội là gì?,"Ý thức xã hội là sự phản ánh tồn tại xã hội, do tồn tại xã hội quyết định."
252,"Trong quá trình phát triển của sự vật, cái cũ lúc đầu là cái chung, cái phổ biến, nhưng về sau do không phù hợp với điều kiện mới nên mất dần đi và trở thành cái gì?",Trở thành cái đơn nhất.
253,"Theo Hồ Chí Minh, cần phải chống căn bệnh nào của cán bộ, đảng viên khi mang nặng chủ nghĩa cá nhân?","Ngại gian khổ, sa vào tham ô, hủ hoá, lãng phí, xa hoa; tham danh, trục lợi, thích địa vị, quyền hành; coi thường tập thể, xem khinh quần chúng; độc đoán, chuyên quyền; mắc bệnh quan liêu, mệnh lệnh."
254,"Ý nghĩa phương pháp luận của Quy luật lượng-chất để tránh tư tưởng ""đốt cháy giai đoạn"" là gì?",Con người phải biết từng bước tích luỹ về lượng đến một giới hạn nhất định (điểm nút) để làm biến đổi về chất theo quy luật.
255,Hình thức đấu tranh nào đã bùng nổ ở Bến Tre vào ngày 17-1-1960?,Khởi nghĩa đồng loạt (đồng khởi).
256,"Theo V.I. Lênin, khái niệm quy luật là một trong những giai đoạn nào của sự nhận thức?","Giai đoạn của sự nhận thức của con người về tính thống nhất và về liên hệ, về sự phụ thuộc lẫn nhau và tính chỉnh thể của quá trình thế giới."
257,"Việc nghiên cứu, học tập lịch sử Đảng cần thấu hiểu những vấn đề gì?","Cần thấu hiểu tính khoa học, cách mạng, giá trị thực tiễn sâu sắc trong Cương lĩnh, đường lối của Đảng; là sự lãnh đạo đúng đắn, đáp ứng kịp thời những yêu cầu, nhiệm vụ do lịch sử đặt ra; những kinh nghiệm, bài học quý báu có tính quy luật, lý luận của cách mạng Việt Nam và những truyền thống vẻ vang của Đảng."
258,"Theo triết học Mác-Lênin, bản chất con người là gì?","Trong tính hiện thực của nó, bản chất con người là tổng hoà những quan hệ xã hội."
259,Đạo đức cách mạng theo Hồ Chí Minh được thể hiện trong hành động của ai?,"Người Việt Nam yêu nước vì độc lập tự do của dân tộc, hạnh phúc của nhân dân."
260,Phạm trù nào dùng để chỉ điểm giới hạn mà tại đó sự thay đổi về lượng đã đủ làm thay đổi về chất của sự vật?,Điểm nút.
261,Bản chất của hình thái kinh tế - xã hội được quy định bởi cái gì?,Một kiểu quan hệ sản xuất đặc trưng cho nó.
262,"Trong công tác xây dựng Đảng, Hồ Chí Minh yêu cầu cán bộ, đảng viên phải có tinh thần gì?","Tuyệt đối trung thành với Đảng, suốt đời phấn đấu cho lợi ích của cách mạng, vì mục tiêu lý tưởng của Đảng."
263,Trực quan sinh động bao gồm 3 hình thức nào?,"Cảm giác, tri giác và biểu tượng."
264,Triết học Mác-Lênin được sáng lập bởi ai?,C.Mác và Ph.Ăngghen.
265,"Theo Hồ Chí Minh, đoàn kết trong Mặt trận cần phải theo nguyên tắc nào mới quy tụ được các tầng lớp, giai cấp?",Nguyên tắc hiệp thương dân chủ.
266,"Trong xã hội xã hội chủ nghĩa, Hồ Chí Minh quan tâm đến lợi ích của những đối tượng nào?",Lợi ích của cả cộng đồng người và lợi ích của những con người cụ thể.
267,"Hồ Chí Minh cho rằng, Đảng phải “sẵn sàng vui vẻ làm gì” cho nhân dân?","Làm trâu ngựa, làm tôi tớ trung thành của nhân dân."
268,Tính khách quan của mối liên hệ nhân quả thể hiện ở chỗ nào?,"Dù con người biết hay không biết, thì các sự vật vẫn tác động lẫn nhau và sự tác động đó tất yếu gây nên biến đổi nhất định."
269,"Phạm trù nào chỉ sự tổng hợp tất cả những mặt, những thuộc tính, những mối liên hệ cơ bản và phổ biến nhất của toàn bộ thế giới hiện thực?",Phạm trù triết học.
270,"Trong lý luận về nhân cách của Phơrớt, ""Cái siêu tôi"" là đại diện cho điều gì?","Là đại diện của xã hội, của lý tưởng và của uy thế bên ngoài trong tâm lý con người."
271,"Theo Hồ Chí Minh, khi nói đến xây dựng Đảng, cần phải luôn luôn làm gì?","Đoàn kết, thống nhất trong Đảng."
272,"Ba loại hình cơ bản của thế giới quan, xét theo quá trình phát triển là gì?","Thế giới quan huyền thoại, thế giới quan tôn giáo và thế giới quan triết học."
273,"Theo Hồ Chí Minh, lòng yêu thương con người phải được xây dựng trên lập trường nào?",Lập trường của giai cấp công nhân.
274,Khác biệt căn bản giữa quan hệ nhân quả với quan hệ kế tiếp về mặt thời gian là gì?,Ở chỗ nguyên nhân và kết quả có quan hệ sản sinh ra nhau.
275,"Nghị quyết Trung ương 4 khóa VII (1-1993) đã ban hành bao nhiêu Nghị quyết liên quan đến chăm sóc, bồi dưỡng, phát huy nguồn lực con người?",5 Nghị quyết.
276,Tư duy trừu tượng bao gồm 3 hình thức nào?,"Khái niệm, phán đoán và suy lý."
277,Thuyết Ngũ hành gồm năm thế lực động nào?,"Thứ nhất là Thủy, hai là Hỏa, ba là Mộc, bốn là Kim, năm là Thổ."
278,"Trong Di chúc, Hồ Chí Minh yêu cầu Đảng phải làm gì để củng cố sự đoàn kết và thống nhất trong Đảng?","Thực hành dân chủ rộng rãi, thường xuyên và nghiêm chỉnh tự phê bình và phê bình."
279,"Trong tư tưởng Hồ Chí Minh, phẩm chất nào là đặc trưng bản chất của đạo đức?",Nói đi đôi với làm.
280,"Theo Hồ Chí Minh, thắng lợi của cách mạng giải phóng dân tộc có thể thành công trước cách mạng ở 'chính quốc' là do đâu?","Do đường lối đúng đắn, biết phát huy nhân tố bên trong và điều kiện quốc tế, nắm vững thời cơ."
281,"Theo Chủ nghĩa Mác, mục đích của các nhà triết học là gì?","Các nhà triết học đã chỉ giải thích thế giới bằng nhiều cách khác nhau, song vấn đề là cải tạo thế giới."
282,"Hai thế lực Âm - Dương thống nhất, chế ước lẫn nhau theo những nguyên lý nào?","Âm - Dương thống nhất thành thái cực; Trong Âm có Dương, trong Dương có Âm."
283,Cương lĩnh chính trị đầu tiên của Đảng Cộng sản Việt Nam đã được thông qua tại Hội nghị nào?,Hội nghị thành lập Đảng (2-1930).
284,"Phạm trù nào chỉ tổng hợp tất cả những mặt, những mối liên hệ tất nhiên, tương đối ổn định bên trong sự vật, quy định sự vận động và phát triển của sự vật?",Bản chất.
285,"Theo Hồ Chí Minh, vai trò của quần chúng nhân dân và lãnh tụ trong lịch sử là gì?","Quần chúng nhân dân là lực lượng quyết định sự phát triển, còn lãnh tụ là người định hướng, dẫn dắt phong trào, thúc đẩy sự phát triển của lịch sử."
286,Hội nghị Trung ương 2 (4-1987) đã đề ra chủ trương thực hiện bốn giảm là gì?,"Giảm bội chi ngân sách, giảm nhịp độ tăng giá, giảm lạm phát, giảm khó khăn về đời sống của nhân dân."
287,"Trong thời kỳ quá độ lên chủ nghĩa xã hội, Hồ Chí Minh yêu cầu cán bộ phải không ngừng học cái gì của chủ nghĩa Mác-Lênin?","Học lập trường, quan điểm và phương pháp của chủ nghĩa Mác-Lênin."
288,Bản chất xã hội của dân tộc được quy định bởi những yếu tố nào?,Phương thức sản xuất thống trị trong dân tộc và quan hệ giai cấp do phương thức sản xuất ấy sản sinh ra.
289,Phạm trù nào chỉ sự chuyển hóa về chất của sự vật do sự thay đổi về lượng của sự vật trước đó gây nên?,Bước nhảy.
290,Phương thức sản xuất là sự thống nhất của những yếu tố nào?,Sự thống nhất giữa lực lượng sản xuất ở một trình độ nhất định và quan hệ sản xuất tương ứng.
291,Đặc trưng của Phép biện chứng duy vật là gì?,Học thuyết về mối liên hệ phổ biến và về sự phát triển dưới hình thức hoàn bị nhất.
292,"Trong thời kỳ 1945-1975, phong trào thi đua nào đã làm tăng thêm không khí phấn khởi ở miền Bắc sau Lời kêu gọi của Hồ Chí Minh?",Phong trào “Mỗi người làm việc bằng hai để đền đáp lại cho đồng bào miền Nam ruột thịt”.
293,Tư tưởng nào được coi là điểm cốt lõi của tư tưởng Hồ Chí Minh?,Độc lập dân tộc gắn liền với chủ nghĩa xã hội.
294,Phải coi trọng sức mạnh của cộng đồng là điều đầu tiên rút ra được từ đâu?,Từ kinh nghiệm của các nhà tư tưởng chỉ đạo cuộc chiến tranh giữ nước trong lịch sử dân tộc.
295,"Theo Hồ Chí Minh, đoàn kết là gì?","Đoàn kết là sức mạnh, là then chốt của thành công, là một lực lượng vô địch của chúng ta để khắc phục khó khăn, giành lấy thắng lợi."
296,Hạn chế nào đã được Chỉ thị số 30-CT/TW (2-1998) của Bộ Chính trị kịp thời ban hành nhằm giải quyết?,Tình hình mất dân chủ xảy ra nghiêm trọng ở một số địa phương vào năm 1997.
297,Vấn đề trung tâm của triết học trong thời kỳ Trung cổ là gì?,"Quan hệ giữa niềm tin tôn giáo và trí tuệ lý trí, giữa cái chung và riêng (giữa khái niệm và các sự vật đơn lẻ)."
298,Đấu tranh của các mặt đối lập là gì?,Sự tác động qua lại theo xu hướng bài trừ và phủ định lẫn nhau.
299,"Phái nào trong triết học Trung cổ cho rằng các sự vật riêng lẻ, cá biệt là những cái có thực; còn những cái phổ biến chỉ là những tên gọi do con người đặt ra?",Phái duy danh.
300,"Phòng chống tham nhũng, lãng phí theo Hồ Chí Minh được xác định là gì?",Là quốc sách của mọi quốc gia.